{
      "loss_history": [
            0.618398770690419,
            0.6976424567401454,
            0.519277885556221,
            0.7136197425425053,
            0.6378470733761787,
            0.5971815884113316,
            0.5710753016173848,
            0.7524939626455307,
            0.40988953412136375,
            0.47750551999075697,
            0.665316641330719,
            0.5493786782026291
      ],
      "networks_evolution_collectors": {},
      "accuracy": 0.0,
      "ECEs_final_calibration": {
            "swap_net": {}
      }
}