{
      "loss_history": [
            2.4540523290634155,
            2.588480830192566,
            0.8489555791020393,
            0.057853235863149166,
            0.14851559652015567
      ],
      "networks_evolution_collectors": {},
      "accuracies": [
            0.9292035398230089,
            0.875,
            0.9488636363636364,
            0.9090909090909091,
            0.9583333333333334,
            0.8852459016393442,
            0.9342105263157895,
            0.9770992366412213,
            1.0
      ],
      "ECEs_final_calibration": {
            "rel_extract": {},
            "gender_net": {}
      }
}