{
      "loss_history": [
            0.08589999122034442,
            0.0836552673171127,
            0.07160254401032518,
            0.04612560543841937,
            0.03541983767427581,
            0.05918103059372015,
            0.03384946781733397,
            0.04158434147529988,
            0.035451431794669475,
            0.03048628716439339
      ],
      "networks_evolution_collectors": {},
      "accuracy": 0.6,
      "ECEs_final_calibration": {
            "net1": {}
      }
}