{
      "loss_history": [
            0.6907082498073578,
            0.6922996640205383,
            0.6914433538913727,
            0.7306643426418304,
            0.634415976703167,
            0.9345995932817459,
            0.5954994186758995,
            0.718951515853405,
            0.7506479304283857,
            0.7315684147179127,
            0.409433888271451,
            0.7379456609487534,
            0.4207070004194975,
            0.5935873053967953,
            0.2543378827976994,
            0.6708390517160296,
            0.3381098359823227,
            0.44098879769444466,
            0.17205890954937786
      ],
      "networks_evolution_collectors": {},
      "accuracy": 0.6,
      "ECEs_final_calibration": {
            "net1": {},
            "net2": {}
      }
}