{
      "loss_history": [
            11.467883218824728,
            0.6939683556556702,
            11.469337899982794,
            6.0322265423833645,
            16.94142919704298,
            0.6582825742661953,
            11.366246548294885,
            11.421004948019846,
            0.7460406832396984,
            6.037878673896126,
            6.125346949696473,
            5.879131870251081,
            5.841282578557662,
            5.734729671990431,
            5.6802047243268365,
            0.20794386584020685,
            0.679366727010347,
            0.1414787002513549,
            5.614121888041632
      ],
      "networks_evolution_collectors": {},
      "accuracy": 0.45,
      "ECEs_final_calibration": {
            "net1": {},
            "net2": {}
      }
}