{
      "loss_history": [
            0.7956349154083,
            0.3838385877907342,
            0.17817410988915583,
            0.0826953836032649,
            0.19644721621581684,
            0.011253004364628616,
            0.026927528231944997,
            0.028089814236617272,
            0.011676307792577667,
            0.03080319019205824,
            0.005091285393846068,
            0.0018713776425305362,
            0.005552099586015213,
            0.04634600286354784,
            0.23002972195523652,
            0.0005540580705796216,
            0.03147989715902577,
            0.0,
            0.00023422807365358622,
            0.050388077228959105,
            0.006864767699046315,
            0.13239578889617354,
            0.06851731254852167,
            0.00012468808806342935,
            0.0021517026860244926,
            0.0006672282271544816,
            5.3391515906664466e-05,
            0.0015738985604110134,
            1.910425129025839e-05
      ],
      "networks_evolution_collectors": {
            "calibration_collector": {
                  "ece_history": {
                        "net1": [
                              0.16422930359840393,
                              0.12253105640411377,
                              0.11243028938770294,
                              0.07515625655651093,
                              0.07125543802976608,
                              0.07387001812458038,
                              0.07325336337089539,
                              0.08176712691783905,
                              0.08998110890388489,
                              0.0832553431391716,
                              0.08794061839580536,
                              0.08359833061695099,
                              0.10971692949533463,
                              0.11438417434692383,
                              0.1101348027586937,
                              0.12677142024040222,
                              0.11512491106987,
                              0.12313392758369446,
                              0.1182578057050705,
                              0.11762924492359161,
                              0.10759885609149933,
                              0.12378430366516113,
                              0.110628642141819,
                              0.09981076419353485,
                              0.09251931309700012,
                              0.1190456971526146,
                              0.0927467867732048,
                              0.09794940054416656,
                              0.12274512648582458,
                              0.08994998037815094,
                              0.09190717339515686,
                              0.11776137351989746,
                              0.12453825771808624,
                              0.10417105257511139,
                              0.11592023819684982,
                              0.08354213833808899,
                              0.09975020587444305,
                              0.10436264425516129,
                              0.1403767466545105,
                              0.1197049468755722,
                              0.10365906357765198,
                              0.1254156082868576,
                              0.10004588216543198,
                              0.12603214383125305,
                              0.10715615004301071,
                              0.13366001844406128,
                              0.14183399081230164,
                              0.1202131137251854,
                              0.11896990984678268,
                              0.11022956669330597,
                              0.1028878390789032,
                              0.10238264501094818,
                              0.0907244086265564,
                              0.11057774722576141,
                              0.10544922202825546,
                              0.14021065831184387,
                              0.09853659570217133,
                              0.14273370802402496
                        ],
                        "net2": [
                              0.4335629343986511,
                              0.5261364579200745,
                              0.5628382563591003,
                              0.5961350202560425,
                              0.733203649520874,
                              0.7613435387611389,
                              0.6826216578483582,
                              0.6526003479957581,
                              0.7118459939956665,
                              0.7437441349029541,
                              0.7897666692733765,
                              0.7678872346878052,
                              0.7368364334106445,
                              0.7774973511695862,
                              0.7789297103881836,
                              0.8036762475967407,
                              0.7858797907829285,
                              0.7869278192520142,
                              0.7875312566757202,
                              0.7974724769592285,
                              0.8558234572410583,
                              0.7874916195869446,
                              0.6903682351112366,
                              0.7774447202682495,
                              0.8166931867599487,
                              0.834457278251648,
                              0.8025368452072144,
                              0.8326013088226318,
                              0.8102448582649231,
                              0.8077781200408936,
                              0.8389184474945068,
                              0.8298106789588928,
                              0.8262042999267578,
                              0.824539065361023,
                              0.8031500577926636,
                              0.8211541771888733,
                              0.8476212024688721,
                              0.8827515840530396,
                              0.8752990365028381,
                              0.8946424722671509,
                              0.8795435428619385,
                              0.8600032925605774,
                              0.8258378505706787,
                              0.819870114326477,
                              0.8182133436203003,
                              0.7515738010406494,
                              0.8301529884338379,
                              0.822412371635437,
                              0.7969292402267456,
                              0.8316709399223328,
                              0.8388806581497192,
                              0.8655901551246643,
                              0.8169413805007935,
                              0.8613647222518921,
                              0.8297799825668335,
                              0.8665764331817627,
                              0.80784010887146,
                              0.78107088804245
                        ]
                  },
                  "before_calibration_ece_history": {},
                  "after_calibration_ece_history": {}
            }
      },
      "accuracy": 0.905,
      "ECEs_final_calibration": {
            "net1": {
                  "before": 0.12370865046977997,
                  "after": 0.0865582674741745
            },
            "net2": {
                  "before": 0.8101084232330322,
                  "after": 0.5517858862876892
            }
      }
}