{
      "loss_history": [
            0.11848091926878397,
            0.12060141526668304,
            0.1517764294481221,
            0.0858192187329022,
            0.09561088808563087,
            0.08145402611065085,
            0.09601732902418297,
            0.05287251268393647
      ],
      "networks_evolution_collectors": {
            "calibration_collector": {
                  "ece_history": {
                        "net1": [
                              0.11456850916147232,
                              0.0920945405960083,
                              0.13915784657001495,
                              0.15480810403823853,
                              0.19224804639816284,
                              0.23163652420043945,
                              0.29153287410736084,
                              0.37513497471809387,
                              0.43541672825813293,
                              0.4898226857185364,
                              0.531286895275116,
                              0.5602446794509888,
                              0.586889386177063,
                              0.5998897552490234,
                              0.6217348575592041,
                              0.6236918568611145,
                              0.5868817567825317,
                              0.5480468273162842,
                              0.5092023611068726,
                              0.537401556968689,
                              0.5570957064628601,
                              0.5418156385421753,
                              0.524590015411377,
                              0.4786003530025482,
                              0.43395736813545227,
                              0.4158100485801697,
                              0.4444984793663025,
                              0.4653877913951874,
                              0.527259886264801,
                              0.5542299747467041,
                              0.558954119682312,
                              0.6236163973808289,
                              0.6018813848495483,
                              0.6052432060241699,
                              0.6082297563552856,
                              0.618778645992279,
                              0.6161202192306519,
                              0.6039817333221436,
                              0.6375958919525146,
                              0.6216592192649841,
                              0.602025032043457,
                              0.5892553925514221,
                              0.6199172139167786,
                              0.6140273809432983,
                              0.6037721633911133,
                              0.5848953723907471,
                              0.5828179121017456,
                              0.5799359083175659,
                              0.5721503496170044,
                              0.5794538259506226,
                              0.568422794342041,
                              0.5711899995803833,
                              0.5903950333595276,
                              0.5664708614349365,
                              0.5545095801353455,
                              0.5774728059768677,
                              0.5697073936462402,
                              0.5699824094772339,
                              0.5719656944274902,
                              0.5541352033615112,
                              0.5554852485656738,
                              0.5472198724746704,
                              0.57088303565979,
                              0.5656195282936096,
                              0.5786644220352173,
                              0.5972845554351807,
                              0.5763791799545288,
                              0.5903604030609131,
                              0.5757433176040649,
                              0.5802445411682129,
                              0.5632404685020447,
                              0.5821735858917236,
                              0.5855281352996826,
                              0.5914105176925659,
                              0.5827090740203857,
                              0.5796945095062256,
                              0.5898058414459229,
                              0.584030032157898,
                              0.5944002270698547,
                              0.560699462890625
                        ]
                  },