{
      "loss_history": [
            7.528587794201854,
            2.988497415082346,
            8.062253667762802,
            5.337100023367267,
            2.6081741002731516,
            6.051478226869507,
            4.329848283932697,
            6.922018118921534,
            4.419725140364003,
            2.592303406267793,
            3.461423405544875,
            6.910194368507421,
            2.5914893330954767,
            7.791581743687077,
            4.423095278061799,
            6.05277221574727,
            6.081015225945732,
            6.907934427672359,
            7.8942153871855805,
            7.828871977347696,
            8.636231819101509,
            4.318717528211959,
            4.317351534695463,
            4.31832504809811,
            6.909206112963577,
            4.353168717716239,
            5.222860237203781,
            6.0446995705752276,
            3.453984923663782
      ],
      "networks_evolution_collectors": {
            "calibration_collector": {
                  "ece_history": {
                        "net1": [
                              0.09262415766716003,
                              0.09698045998811722,
                              0.08370451629161835,
                              0.1039629727602005,
                              0.12741607427597046,
                              0.12300655990839005,
                              0.09289758652448654,
                              0.0995686799287796,
                              0.11074985563755035,
                              0.11598577350378036,
                              0.13870228826999664,
                              0.1168745756149292,
                              0.1601892113685608,
                              0.09863415360450745,
                              0.1267160326242447,
                              0.12403742969036102,
                              0.13088244199752808,
                              0.12059065699577332,
                              0.11196817457675934,
                              0.1259961873292923,
                              0.10640543699264526,
                              0.11100010573863983,
                              0.12968158721923828,
                              0.106806680560112,
                              0.1199774444103241,
                              0.1427636593580246,
                              0.14546862244606018,
                              0.11860811710357666,
                              0.1289171725511551,
                              0.10607846081256866,
                              0.12142432481050491,
                              0.14867953956127167,
                              0.13692373037338257,
                              0.1379232555627823,
                              0.15791144967079163,
                              0.16180551052093506,
                              0.14826977252960205,
                              0.12405537068843842,
                              0.14947491884231567,
                              0.12766355276107788,
                              0.14595302939414978,
                              0.153833270072937,
                              0.1207256019115448,
                              0.16919583082199097,
                              0.1326943039894104,
                              0.14224772155284882,
                              0.141365185379982,
                              0.1252635419368744,
                              0.14561554789543152,
                              0.15153302252292633,
                              0.1490769237279892,
                              0.12810969352722168,
                              0.12359680235385895,
                              0.1538081169128418,
                              0.14206857979297638,
                              0.10800974071025848,
                              0.12459518015384674,
                              0.1596151888370514
                        ],
                        "net2": [
                              0.5201854705810547,
                              0.6645274758338928,
                              0.5924794673919678,
                              0.6751183867454529,
                              0.6779285073280334,
                              0.647641122341156,
                              0.5996976494789124,
                              0.6742132902145386,
                              0.6272634267807007,
                              0.68535977602005,
                              0.7227996587753296,
                              0.6481422185897827,
                              0.6478567123413086,
                              0.6222156882286072,
                              0.6965998411178589,
                              0.7483022212982178,
                              0.7935816049575806,
                              0.7187291979789734,
                              0.7310633659362793,
                              0.7997527122497559,
                              0.8062653541564941,
                              0.7984758615493774,
                              0.7835978865623474,
                              0.7992470264434814,
                              0.8443794846534729,
                              0.7905162572860718,
                              0.817405641078949,
                              0.7887648940086365,
                              0.7515634894371033,
                              0.7752871513366699,
                              0.708538830280304,
                              0.7486173510551453,
                              0.7531038522720337,
                              0.7655706405639648,
                              0.6752027869224548,
                              0.6638962030410767,
                              0.7108865976333618,
                              0.7463154196739197,
                              0.6990147829055786,
                              0.6784778833389282,
                              0.7326554656028748,
                              0.7573235630989075,
                              0.7533118724822998,
                              0.7344067692756653,
                              0.7544625997543335,
                              0.7803225517272949,
                              0.7536421418190002,
                              0.7351441979408264,
                              0.7419329881668091,
                              0.7715845704078674,
                              0.7385584115982056,
                              0.7127572894096375,
                              0.6941481828689575,
                              0.6934028267860413,
                              0.7692599296569824,
                              0.6827637553215027,
                              0.7018445730209351,
                              0.7651064395904541
                        ]
                  },