{
      "loss_history": [
            0.05412290938722464,
            0.09342337876621087,
            0.06409790528176984,
            0.04163275427242752,
            0.05662295503054793,
            0.051602962012989195,
            0.0372847041460318,
            0.05523077688559397
      ],
      "networks_evolution_collectors": {
            "calibration_collector": {
                  "ece_history": {
                        "net1": [
                              0.28462710976600647,
                              0.2991928458213806,
                              0.3317354917526245,
                              0.34552839398384094,
                              0.39793553948402405,
                              0.43972107768058777,
                              0.47009533643722534,
                              0.5321528315544128,
                              0.5442853569984436,
                              0.56670081615448,
                              0.569990873336792,
                              0.5824005603790283,
                              0.591547429561615,
                              0.5596839189529419,
                              0.53215491771698,
                              0.47568896412849426,
                              0.4080057740211487,
                              0.417859822511673,
                              0.42838776111602783,
                              0.4334905445575714,
                              0.4529544413089752,
                              0.4596152603626251,
                              0.4447193145751953,
                              0.49272963404655457,
                              0.5278300642967224,
                              0.5659182071685791,
                              0.588750958442688,
                              0.5904785394668579,
                              0.5694520473480225,
                              0.5368354916572571,
                              0.49271324276924133,
                              0.5151548385620117,
                              0.4319242238998413,
                              0.42986705899238586,
                              0.4271722137928009,
                              0.43392354249954224,
                              0.46119222044944763,
                              0.4903261661529541,
                              0.4953218698501587,
                              0.4978986382484436,
                              0.5094096064567566,
                              0.5152508020401001,
                              0.5273658633232117,
                              0.5414481163024902,
                              0.5465744733810425,
                              0.5388839840888977,
                              0.5365104675292969,
                              0.513899564743042,
                              0.5101078152656555,
                              0.4971359968185425,
                              0.5004119873046875,
                              0.4833067059516907,
                              0.5196688175201416,
                              0.5313402414321899,
                              0.5439352989196777,
                              0.5520433187484741,
                              0.5492685437202454,
                              0.5382128953933716,
                              0.4914088845252991,
                              0.4865936040878296,
                              0.5000098347663879,
                              0.5166616439819336,
                              0.5384545922279358,
                              0.5586420297622681,
                              0.5627817511558533,
                              0.5704924464225769,
                              0.5700049996376038,
                              0.5390210151672363,
                              0.5263389945030212,
                              0.5339264869689941,
                              0.4989495873451233,
                              0.5316938161849976,
                              0.5149839520454407,
                              0.5344655513763428,
                              0.5591548681259155,
                              0.550346851348877,
                              0.549024760723114,
                              0.5448304414749146,
                              0.5451722145080566,
                              0.5490080118179321
                        ]
                  },