{
      "loss_history": [
            0.1941724207443138,
            0.11679981511606584,
            0.10920411333888577,
            0.12900594169354043,
            0.14002560823788276,
            0.1715766089631939,
            0.11140083629437404,
            0.08020402191538764
      ],
      "networks_evolution_collectors": {
            "calibration_collector": {
                  "ece_history": {
                        "net1": [
                              0.12599840760231018,
                              0.21454136073589325,
                              0.3206026256084442,
                              0.30126476287841797,
                              0.28309786319732666,
                              0.27101609110832214,
                              0.2711794674396515,
                              0.3065743148326874,
                              0.34758463501930237,
                              0.3359014093875885,
                              0.3754365146160126,
                              0.40675193071365356,
                              0.45279157161712646,
                              0.5027824640274048,
                              0.5544251203536987,
                              0.5966096520423889,
                              0.6314001083374023,
                              0.6476708054542542,
                              0.6507388949394226,
                              0.6437516212463379,
                              0.6381169557571411,
                              0.60555100440979,
                              0.5306719541549683,
                              0.5572080612182617,
                              0.5754561424255371,
                              0.6039201021194458,
                              0.6051626801490784,
                              0.5888753533363342,
                              0.5618808269500732,
                              0.5665817260742188,
                              0.542084276676178,
                              0.5994168519973755,
                              0.6237614154815674,
                              0.6314833164215088,
                              0.6303889155387878,
                              0.635596752166748,
                              0.6180662512779236,
                              0.6187206506729126,
                              0.6303422451019287,
                              0.6474502086639404,
                              0.6504474878311157,
                              0.6491552591323853,
                              0.6410067081451416,
                              0.6426690220832825,
                              0.6166554689407349,
                              0.5904133319854736,
                              0.5727126598358154,
                              0.545539140701294,
                              0.5347697734832764,
                              0.5109782814979553,
                              0.5380616784095764,
                              0.5276343822479248,
                              0.5775682926177979,
                              0.6144335865974426,
                              0.6298285722732544,
                              0.65788733959198,
                              0.6564907431602478,
                              0.6386244297027588,
                              0.6251298189163208,
                              0.6204382181167603,
                              0.608056902885437,
                              0.6078981161117554,
                              0.6142756938934326,
                              0.6224573850631714,
                              0.6222476363182068,
                              0.6184948682785034,
                              0.6181049346923828,
                              0.6128406524658203,
                              0.6103484034538269,
                              0.605045735836029,
                              0.6104084849357605,
                              0.6300948858261108,
                              0.6391692161560059,
                              0.6416265964508057,
                              0.6461857557296753,
                              0.6482728123664856,
                              0.6408541798591614,
                              0.6420711278915405,
                              0.6450574398040771,
                              0.6476682424545288
                        ]
                  },
                  "before_calibration_ece_history": {},
                  "after_calibration_ece_history": {}
            }
      },
      "accuracy": 0.57,
      "ECEs_final_calibration": {
            "net1": {
                  "before": 0.6476682424545288,
                  "after": 0.4519004225730896
            }
      }
}