{
      "loss_history": [
            1.5000076893029473,
            0.4929128808144023,
            0.07800318997104227,
            0.012931956777098463,
            0.28942139906175424,
            0.044828570668068224,
            0.007632952261474646,
            0.11533692226153525,
            0.16466479040033466,
            0.006686394537781304,
            0.01595184235463476,
            0.002835130902849148,
            0.0028222190492925847,
            0.0020316432767604198,
            0.01900303952314264,
            0.008016798896332222,
            0.008926810955025566,
            5.364475782698719e-06,
            0.007941301640931986,
            0.0013566768556860787,
            0.08521041621100967,
            0.004866051109246872,
            0.17508916882860293,
            0.025903507974929685,
            0.01834332857239529,
            0.017706673739394496,
            1.1737873369721541e-05,
            0.006907408896507761,
            0.005683335830420688
      ],
      "networks_evolution_collectors": {},
      "accuracy": 0.905,
      "ECEs_final_calibration": {
            "net1": {},
            "net2": {}
      }
}