{
      "loss_history": [
            2.3894870281219482,
            1.0681814216077328,
            1.011103369295597,
            0.07688652724027634,
            0.33446627715602517,
            0.0355293289758265,
            0.012613310478627682,
            0.011078528477810323,
            0.0069455860066227615,
            0.02528948988765478,
            0.0031010254751890898,
            0.0024508816422894597,
            0.002151409862563014,
            0.002474102919222787,
            0.0021578983578365296
      ],
      "networks_evolution_collectors": {},
      "accuracies": [
            0.9557522123893806,
            0.921875,
            0.9772727272727273,
            0.987012987012987,
            0.9907407407407407,
            0.9508196721311475,
            0.8947368421052632,
            1.0,
            1.0
      ],
      "ECEs_final_calibration": {
            "rel_extract": {},
            "gender_net": {}
      }
}