{
      "loss_history": [
            0.09458382620960037,
            0.06840785420122586,
            0.0508509344931658,
            0.025865995901057204,
            0.024803724485508383,
            0.012851266653228777,
            0.026631300921962975,
            0.01572082026043753
      ],
      "networks_evolution_collectors": {
            "calibration_collector": {
                  "ece_history": {
                        "net1": [
                              0.11968748271465302,
                              0.06098794937133789,
                              0.1037103682756424,
                              0.16983672976493835,
                              0.219534769654274,
                              0.29513174295425415,
                              0.33978739380836487,
                              0.3847372233867645,
                              0.45921438932418823,
                              0.4928587079048157,
                              0.49456000328063965,
                              0.4810033142566681,
                              0.4844706654548645,
                              0.48795533180236816,
                              0.47691285610198975,
                              0.504037082195282,
                              0.5297598838806152,
                              0.5503703951835632,
                              0.5717489719390869,
                              0.6143162250518799,
                              0.6278865933418274,
                              0.6044858694076538,
                              0.623528003692627,
                              0.6297398805618286,
                              0.6152113676071167,
                              0.5854632258415222,
                              0.5929388999938965,
                              0.5947200059890747,
                              0.5846043825149536,
                              0.582600474357605,
                              0.5806025266647339,
                              0.5871142148971558,
                              0.6105560660362244,
                              0.6156914234161377,
                              0.6202075481414795,
                              0.6176977157592773,
                              0.6190067529678345,
                              0.614290714263916,
                              0.6187750101089478,
                              0.6469012498855591,
                              0.6484529376029968,
                              0.6605963706970215,
                              0.6642011404037476,
                              0.6466907262802124,
                              0.6448668837547302,
                              0.629589855670929,
                              0.6273550391197205,
                              0.6158204078674316,
                              0.6076563596725464,
                              0.6041513681411743,
                              0.609455943107605,
                              0.6258673667907715,
                              0.6309922933578491,
                              0.6390511393547058,
                              0.6528823971748352,
                              0.6449000835418701,
                              0.652320384979248,
                              0.6456471681594849,
                              0.6437876224517822,
                              0.6308759450912476,
                              0.6425688862800598,
                              0.6360129117965698,
                              0.6318551898002625,
                              0.5892326235771179,
                              0.5923118591308594,
                              0.6034833192825317,
                              0.6104928851127625,
                              0.614392101764679,
                              0.6266300082206726,
                              0.6277643442153931,
                              0.6346187591552734,
                              0.6493444442749023,
                              0.6487418413162231,
                              0.6457369327545166,
                              0.6475818157196045,
                              0.6316224336624146,
                              0.6294368505477905,
                              0.6135056018829346,
                              0.6206561923027039,
                              0.6226538419723511
                        ]
                  },
                  "before_calibration_ece_history": {},
                  "after_calibration_ece_history": {}
            }
      },
      "accuracy": 0.54,
      "ECEs_final_calibration": {
            "net1": {
                  "before": 0.6226538419723511,
                  "after": 0.43822774291038513
            }
      }
}