{
      "loss_history": [
            0.0711709196348238,
            0.00011288291235089787,
            1.6808983537064393e-05,
            5.3620948727406414e-05,
            5.92486090322808e-06,
            8.690478562556336e-06,
            1.5378118867204194e-06,
            3.0919863228007216e-05,
            4.571708212885994e-06,
            1.734501666295074e-06,
            4.273741011751042e-06,
            6.121461979091691e-06
      ],
      "networks_evolution_collectors": {},
      "accuracy": 0.2,
      "ECEs_final_calibration": {
            "nn_permute": {},
            "nn_op1": {},
            "nn_swap": {},
            "nn_op2": {}
      }
}