{
      "loss_history": [
            2.4942146595567465,
            2.2742245197296143,
            2.2547316811978817,
            2.151886960491538,
            2.5025544315576553,
            2.048933256417513,
            2.104804774746299,
            2.036314155906439,
            2.0059557408094406,
            2.047358088195324,
            1.9160440983250737,
            1.5088465735316277,
            1.3500840333290398,
            1.0355205382220447,
            0.6704616027418524,
            0.4237085059285164,
            0.23009891691617668,
            0.19963663502130657,
            0.09416274455725215,
            0.08338402876688633,
            0.0737904280249495,
            0.049798387379269116
      ],
      "networks_evolution_collectors": {},
      "accuracy": 0.9560546875,
      "ECEs_final_calibration": {
            "neural1": {},
            "neural2": {}
      }
}