{
      "loss_history": [
            0.12561272001987248,
            0.1720910428444069,
            0.13371664326601093,
            0.1340898371606924,
            0.11965421096056088,
            0.11403938253806373,
            0.1014281220238683,
            0.1271484139719634,
            0.1097508157102009,
            0.09661275039325534
      ],
      "networks_evolution_collectors": {},
      "accuracy": 0.61,
      "ECEs_final_calibration": {
            "net1": {}
      }
}