{
      "loss_history": [
            3.9526624237978325,
            2.9714807151188136,
            3.0384022166129263,
            6.053110256183751,
            4.405071872899517,
            7.829052294587104,
            4.440336046040489,
            6.92398449039207,
            4.3299382094996535,
            1.8109248957478261,
            6.908114624827354,
            7.77295563810789,
            5.226220964232704,
            5.183467932157975,
            3.4740137014248096,
            4.509869941114392,
            4.317679409210452,
            9.834921542051234e-06,
            6.908466771811881,
            6.908803737143005,
            8.67492054146846,
            5.182437974940187,
            6.927793730004831,
            9.502760680141261,
            8.635170888989254,
            4.334791622133036,
            6.044296421746087,
            4.319503066528357,
            4.326336606867423
      ],
      "networks_evolution_collectors": {},
      "accuracy": 0.905,
      "ECEs_final_calibration": {
            "net1": {},
            "net2": {}
      }
}