{
      "loss_history": [
            0.19600287200631783,
            0.0006982094061919853,
            0.00013122231952014118,
            1.035386148053874e-05,
            1.7620192974376893e-05,
            4.822630429108799e-05,
            0.00033421070714192427,
            4.088963016002367e-06,
            5.501564690124639e-06,
            2.0363018086921875e-05,
            2.5510947764928462e-06,
            -5.960863713738716e-09
      ],
      "networks_evolution_collectors": {},
      "accuracy": 0.2,
      "ECEs_final_calibration": {
            "nn_permute": {},
            "nn_op1": {},
            "nn_swap": {},
            "nn_op2": {}
      }
}