{
      "loss_history": [
            0.023105547036724072,
            0.06568633037159177,
            0.1193467192351827,
            0.052570976385823975,
            0.024142720135387208,
            0.1601422131061554,
            0.19845529738833534,
            0.27039671689271927,
            0.15495048944649215,
            0.2613696232995366,
            0.1737236529588717,
            0.15637695416808128
      ],
      "networks_evolution_collectors": {},
      "accuracy": 0.25,
      "ECEs_final_calibration": {
            "swap_net": {}
      }
}