{
      "loss_history": [
            3.1060542951817887,
            6.974614060301889,
            8.74121744199464,
            7.840062971105912,
            7.022848779893195,
            7.811151782607361,
            6.141696510052743,
            2.7362180349825063,
            6.04688991800397,
            1.0735842476007358,
            8.635465408436005,
            7.020817716477477,
            6.9659531451360515,
            5.184094059050294,
            3.494734499785394,
            4.383626290895997,
            3.617480646031293,
            0.01863133646611459,
            5.302494185540346,
            6.062654800104598,
            7.771854840740259,
            3.4539973209427264,
            4.356959523802335,
            5.182936520339382,
            3.45403098521368,
            5.184661169292541,
            6.044850459629993,
            6.047390895903181,
            6.907787508203505
      ],
      "networks_evolution_collectors": {
            "calibration_collector": {
                  "ece_history": {
                        "net1": [
                              0.07529515773057938,
                              0.07161561399698257,
                              0.04515759274363518,
                              0.09366634488105774,
                              0.09148448705673218,
                              0.09141632914543152,
                              0.10489103198051453,
                              0.10489104688167572,
                              0.11579333245754242,
                              0.14129255712032318,
                              0.10934241116046906,
                              0.08574701100587845,
                              0.10431787371635437,
                              0.10444986820220947,
                              0.13208141922950745,
                              0.12575164437294006,
                              0.15050670504570007,
                              0.1385546624660492,
                              0.11698352545499802,
                              0.10442404448986053,
                              0.14937233924865723,
                              0.11434455215930939,
                              0.11817675828933716,
                              0.13319852948188782,
                              0.1312885731458664,
                              0.12558363378047943,
                              0.09538114815950394,
                              0.10999336838722229,
                              0.12066508829593658,
                              0.10387838631868362,
                              0.12345004826784134,
                              0.1311759352684021,
                              0.13379667699337006,
                              0.12687930464744568,
                              0.1541670709848404,
                              0.12933459877967834,
                              0.1113068014383316,
                              0.13514181971549988,
                              0.10717618465423584,
                              0.1199522316455841,
                              0.10691235214471817,
                              0.13757619261741638,
                              0.11268523335456848,
                              0.10358363389968872,
                              0.12690617144107819,
                              0.14587095379829407,
                              0.12383730709552765,
                              0.1265507936477661,
                              0.12334688007831573,
                              0.13689059019088745,
                              0.11358941346406937,
                              0.10974429547786713,
                              0.15475872159004211,
                              0.12699280679225922,
                              0.1077643483877182,
                              0.09994236379861832,
                              0.12860296666622162,
                              0.11033418029546738
                        ],
                        "net2": [
                              0.5955394506454468,
                              0.6502879858016968,
                              0.6561290621757507,
                              0.6447345018386841,
                              0.7573040723800659,
                              0.6665416359901428,
                              0.678531289100647,
                              0.7399200201034546,
                              0.7360789179801941,
                              0.765328049659729,
                              0.7667139172554016,
                              0.6538738012313843,
                              0.6853330135345459,
                              0.7089447975158691,
                              0.6836134195327759,
                              0.6957749724388123,
                              0.6764808297157288,
                              0.6307994723320007,
                              0.551302433013916,
                              0.6243822574615479,
                              0.6575281620025635,
                              0.6567318439483643,
                              0.6323713064193726,
                              0.6966854333877563,
                              0.695395290851593,
                              0.6542779207229614,
                              0.6230246424674988,
                              0.6548254489898682,
                              0.6697443723678589,
                              0.6817957758903503,
                              0.7197194695472717,
                              0.7298252582550049,
                              0.7614979147911072,
                              0.7015151977539062,
                              0.6640468835830688,
                              0.6067827939987183,
                              0.6345299482345581,
                              0.6143209934234619,
                              0.6933761239051819,
                              0.7437204718589783,
                              0.7761418223381042,
                              0.8009742498397827,
                              0.8034327030181885,
                              0.8490992188453674,
                              0.8299074172973633,
                              0.8234983682632446,
                              0.7902374267578125,
                              0.77019202709198,
                              0.7467693090438843,
                              0.8466980457305908,
                              0.7853355407714844,
                              0.6810861229896545,
                              0.7769180536270142,
                              0.7698638439178467,
                              0.7724644541740417,
                              0.841401994228363,
                              0.8014335036277771,
                              0.7981587648391724
                        ]
                  },
                  "before_calibration_ece_history": {},
                  "after_calibration_ece_history": {}
            }
      },
      "accuracy": 0.9,
      "ECEs_final_calibration": {
            "net1": {
                  "before": 0.12101702392101288,
                  "after": 0.09019763767719269
            },
            "net2": {
                  "before": 0.7842767238616943,
                  "after": 0.5614576935768127
            }
      }
}