{
      "loss_history": [
            0.945850708787475,
            0.2435455433281959,
            0.07334621717444634,
            0.009958353448203283,
            0.13796274212806026,
            0.024086115044821277,
            0.012195738546549428,
            0.04539732174346778,
            0.021632833869942303,
            0.005253989766043965,
            0.07322323758554727,
            0.0023135095362611935,
            0.0018693301587782152,
            0.007204017268807039,
            0.02159890103241935,
            0.6776009366058751,
            0.20020271759699693,
            0.00416579942279327,
            0.002076048560384347,
            0.0010101444542431892,
            0.00048533221683433325,
            0.0006829289721825837,
            0.001216671796581359,
            0.0001513810516904357,
            0.0023743635133315344,
            0.0004948114018530347,
            0.010849994950292263,
            0.001318931542679369,
            0.01696749085473792
      ],
      "networks_evolution_collectors": {
            "calibration_collector": {
                  "ece_history": {
                        "net1": [
                              0.08146114647388458,
                              0.11180388182401657,
                              0.08815154433250427,
                              0.10276848077774048,
                              0.0792529284954071,
                              0.10312168300151825,
                              0.08781899511814117,
                              0.08966868370771408,
                              0.07811863720417023,
                              0.07183018326759338,
                              0.08502167463302612,
                              0.09367754310369492,
                              0.08712051063776016,
                              0.13511155545711517,
                              0.11325651407241821,
                              0.1410285383462906,
                              0.10145430266857147,
                              0.09256257116794586,
                              0.09649821370840073,
                              0.12377026677131653,
                              0.11097146570682526,
                              0.08676886558532715,
                              0.10696621239185333,
                              0.10440467298030853,
                              0.1141899973154068,
                              0.06862771511077881,
                              0.11273473501205444,
                              0.10023240000009537,
                              0.08214755356311798,
                              0.09396151453256607,
                              0.11301722377538681,
                              0.1417647898197174,
                              0.10649414360523224,
                              0.08345214277505875,
                              0.10751321911811829,
                              0.09559592604637146,
                              0.12115940451622009,
                              0.11358180642127991,
                              0.12834401428699493,
                              0.09933391958475113,
                              0.08952981233596802,
                              0.11835312843322754,
                              0.139389306306839,
                              0.10471418499946594,
                              0.10152208805084229,
                              0.09366373717784882,
                              0.10057446360588074,
                              0.09229491651058197,
                              0.11067646741867065,
                              0.1405012011528015,
                              0.10115543007850647,
                              0.12217508256435394,
                              0.08883358538150787,
                              0.10855258256196976,
                              0.12032981961965561,
                              0.12401962280273438,
                              0.11035598814487457,
                              0.09453868120908737
                        ],
                        "net2": [
                              0.7776434421539307,
                              0.7319326400756836,
                              0.832197368144989,
                              0.8078614473342896,
                              0.8237322568893433,
                              0.8932063579559326,
                              0.9241851568222046,
                              0.9386118650436401,
                              0.8967368602752686,
                              0.8966025114059448,
                              0.9519582986831665,
                              0.9425286054611206,
                              0.9483596086502075,
                              0.9292415976524353,
                              0.9213649034500122,
                              0.9391411542892456,
                              0.9391590356826782,
                              0.9503610730171204,
                              0.9455504417419434,
                              0.9238923192024231,
                              0.9536396861076355,
                              0.9293774962425232,
                              0.9258300065994263,
                              0.9523871541023254,
                              0.9394317269325256,
                              0.9461495876312256,
                              0.9538936614990234,
                              0.9586782455444336,
                              0.9844171404838562,
                              0.9539505839347839,
                              0.9880239963531494,
                              0.91030353307724,
                              0.8786571025848389,
                              0.8733951449394226,
                              0.9044303894042969,
                              0.8954044580459595,
                              0.9368495941162109,
                              0.9472476243972778,
                              0.9363372325897217,
                              0.9656381607055664,
                              0.9546933770179749,
                              0.977227509021759,
                              0.9486892819404602,
                              0.9314537048339844,
                              0.9548237919807434,
                              0.9365383982658386,
                              0.9491534233093262,
                              0.9666866064071655,
                              0.9388061761856079,
                              0.9299608469009399,
                              0.9479460716247559,
                              0.9537356495857239,
                              0.9326488375663757,
                              0.9207797646522522,
                              0.9506381750106812,
                              0.9632529020309448,
                              0.9557361602783203,
                              0.9301458597183228
                        ]
                  },