{
      "loss_history": [
            9.912306196614999,
            6.355283398106641,
            6.378374649137205,
            7.749156715944336,
            10.613029031703755,
            8.267432254627266,
            7.845092798247861,
            8.172886463701644,
            7.076925712078744,
            8.649921630620868,
            7.046880427189105,
            5.725517380908078,
            7.552886225636969,
            8.159446511994961,
            5.531511239856421,
            16.314211085128086,
            9.713906649341693,
            3.6284365883934835,
            7.332004838851194,
            5.1186613065399555,
            5.599733890639551,
            6.168913617569414
      ],
      "networks_evolution_collectors": {},
      "accuracy": 0.7060546875,
      "ECEs_final_calibration": {
            "neural1": {},
            "neural2": {}
      }
}