{
      "loss_history": [
            2.1696527898311615,
            1.2528623640537262,
            1.8742927014827728,
            0.5565428137779236,
            0.035290975123643875,
            0.0171750970184803,
            0.011242724489420652,
            0.07271013502031565,
            0.006222658324986696,
            0.006550158141180873,
            0.14531510509550571,
            0.0032927863067016006,
            0.007698994944803417,
            0.0027613129932433367,
            0.0019634554628282785,
            0.0018170087423641235,
            0.0012719075311906636,
            0.0011294552241452038,
            0.0021086425404064357,
            0.003691774734761566,
            0.0014864116383250803,
            0.0007341309101320803,
            0.001137384126195684,
            0.0006760384494555183,
            0.0008755578310228884,
            0.000776890607085079,
            0.01853527750063222,
            0.0004768186845467426,
            0.00046720106911379844,
            0.0006276760686887428
      ],
      "networks_evolution_collectors": {},
      "accuracies": [
            0.9292035398230089,
            0.90625,
            0.9772727272727273,
            0.922077922077922,
            0.9861111111111112,
            0.9836065573770492,
            0.9078947368421053,
            1.0,
            1.0
      ]
}