{
      "loss_history": [
            2.458063542842865,
            1.3767303377389908,
            0.1716926433146,
            0.11127446684986353,
            0.060087168123573065,
            0.011322112113703042,
            0.02412166161229834,
            0.0030640054028481245,
            0.0037070721155032516,
            0.007263459119712934,
            0.00504666508641094,
            0.002697024552617222,
            0.004398769291583449,
            0.0016405653295805678,
            0.000732203567167744,
            0.005066535697551444,
            0.00336652051191777,
            0.0010978375576087274,
            0.0022490642440970987,
            0.0006933633849257603
      ],
      "networks_evolution_collectors": {},
      "accuracies": [
            0.911504424778761,
            0.8125,
            0.9204545454545454,
            0.8441558441558441,
            0.9537037037037037,
            0.8524590163934426,
            0.7631578947368421,
            0.9923664122137404,
            1.0
      ]
}