{
      "loss_history": [
            2.659289162606001,
            2.4521124716848135,
            2.182139279320836,
            2.2249203380197287,
            2.305371969938278,
            2.263653350993991,
            2.2168958112597466,
            2.145274341106415,
            2.029577685520053,
            1.977413147687912,
            2.194549646228552,
            2.133767574094236,
            1.7021055975928903,
            1.5035757874138653,
            1.2304177307523787,
            0.6844711266458035,
            0.7685278586577624,
            0.46751950425095856,
            0.2794301320100203,
            0.21390019461978227,
            0.09731982191442512,
            0.08631933588185348
      ],
      "networks_evolution_collectors": {
            "calibration_collector": {
                  "before_calibration_ece_history": {
                        "neural1": [
                              null,
                              null,
                              null,
                              null
                        ],
                        "neural2": [
                              null,
                              null,
                              null,
                              null
                        ]
                  },
                  "after_calibration_ece_history": {
                        "neural1": [
                              null,
                              null,
                              null,
                              null
                        ],
                        "neural2": [
                              null,
                              null,
                              null,
                              null
                        ]
                  }
            }
      },
      "accuracy": 0.9208984375
}