{
      "loss_history": [
            11.469488610327108,
            0.6933716833591461,
            6.068887243419818,
            6.113739947229556,
            11.57341489642845,
            6.035855317860774,
            6.073514880984954,
            6.170601919665865,
            0.3897477723658085,
            6.26382257267826,
            5.719808482937447,
            0.9351890981197357,
            0.46402485109865665,
            11.338329416513307,
            0.38230931106954813,
            16.73048787070418,
            0.6624399467837065,
            5.620673469174585,
            11.25591413401985,
            5.634954400733045,
            11.238740557152642,
            5.57192219598212,
            11.167039871960743,
            5.761951720801813,
            5.549913566491819,
            5.610102148153169,
            0.14007631279037014
      ],
      "networks_evolution_collectors": {},
      "accuracy": 0.55
}