{
      "loss_history": [
            0.6917083561420441,
            0.6903281509876251,
            0.7832355499267578,
            0.7932190597057343,
            0.5682435743510723,
            0.6765240505337715,
            0.7223353590816259,
            0.7173003554344177,
            0.3176852576434612,
            0.3532231478020549,
            0.518425177782774,
            0.458628810942173,
            0.1685582830104977,
            0.16184877598425373,
            0.38960576657109414,
            0.09848886844702065,
            0.03172676480608061,
            0.032218572348938324,
            0.05599765759325237,
            0.25866374000906944,
            0.02527606626972556
      ],
      "networks_evolution_collectors": {
            "calibration_collector": {
                  "before_calibration_ece_history": {
                        "net1": [
                              1.9252300262451172e-05,
                              6.079673767089844e-06,
                              4.947185516357422e-06,
                              4.470348358154297e-06
                        ],
                        "net2": [
                              0.35604894161224365,
                              0.30539143085479736,
                              0.18828079104423523,
                              0.10828761011362076
                        ]
                  },
                  "after_calibration_ece_history": {
                        "net1": [
                              0.2692214250564575,
                              0.26907145977020264,
                              0.2690551280975342,
                              0.2690480351448059
                        ],
                        "net2": [
                              0.4608989655971527,
                              0.4417901933193207,
                              0.4106215238571167,
                              0.38546669483184814
                        ]
                  }
            }
      },
      "accuracy": 0.45
}