{
      "loss_history": [
            0.7983944555744529,
            0.5184556994325931,
            0.6672879531979561,
            0.4662487003952265,
            0.5097572505594172,
            0.44385945424687634,
            0.6610506847500801,
            0.7794110774993896,
            0.6597667634487152,
            0.6867661438882351,
            0.600780725479126,
            0.5997049137949944
      ],
      "networks_evolution_collectors": {},
      "accuracy": 0.0
}