{
      "loss_history": [
            1.0905035491086892,
            0.18662383480682365,
            0.10561638815407548,
            0.08966075182017619,
            0.040742862690077875,
            0.048762424845315344,
            0.0041224357761522334,
            0.008629140793868562,
            0.021463671577337085,
            0.025355955624752013,
            0.006209040191719861,
            0.06830023326587531,
            0.42535123988071266,
            0.06168065399005629,
            0.012188682060024991,
            0.02916895879594561,
            0.015843593854746985,
            2.160750955226831e-05,
            0.00010643452313452428,
            0.0008216100701194939,
            0.004832820002761196,
            0.011713909454648341,
            0.04467566938617695,
            0.008083380169432441,
            0.0004037659168951713,
            0.0016290179331877042,
            0.00013650829843570023,
            0.006014739719947038,
            0.00012908120658083888
      ],
      "networks_evolution_collectors": {
            "calibration_collector": {
                  "before_calibration_ece_history": {
                        "net1": [
                              0.10457409918308258,
                              0.0462522991001606,
                              0.05761352553963661,
                              0.035960111767053604,
                              0.025161130353808403,
                              0.0396648608148098,
                              0.02377517893910408,
                              0.024226263165473938,
                              0.027216443791985512,
                              0.02761809155344963,
                              0.018168382346630096,
                              0.03141719475388527,
                              0.028271634131669998,
                              0.019170453771948814
                        ],
                        "net2": [
                              0.4041951596736908,
                              0.34691402316093445,
                              0.2964960038661957,
                              0.249137744307518,
                              0.2824153006076813,
                              0.2399858832359314,
                              0.21694806218147278,
                              0.2453775256872177,
                              0.2311851680278778,
                              0.22334083914756775,
                              0.31127703189849854,
                              0.15081554651260376,
                              0.19408465921878815,
                              0.1457880288362503
                        ]
                  },
                  "after_calibration_ece_history": {
                        "net1": [
                              0.784808874130249,
                              0.778571605682373,
                              0.7800442576408386,
                              0.7760422229766846,
                              0.7741854786872864,
                              0.7759115695953369,
                              0.773237943649292,
                              0.7737997770309448,
                              0.7745168805122375,
                              0.7738717794418335,
                              0.7728468775749207,
                              0.7749108672142029,
                              0.7756596207618713,
                              0.7733031511306763
                        ],
                        "net2": [
                              0.7002087831497192,
                              0.6898096203804016,
                              0.6822696924209595,
                              0.6805884838104248,
                              0.6857202649116516,
                              0.6752050518989563,
                              0.6776384711265564,
                              0.6826263070106506,
                              0.6810775995254517,
                              0.6774340867996216,
                              0.6938948035240173,
                              0.6567071080207825,
                              0.6649998426437378,
                              0.6559402942657471
                        ]
                  }
            }
      },
      "accuracy": 0.925
}