{
      "loss_history": [
            0.6925096064805984,
            0.6914018839597702,
            0.6909151673316956,
            0.6904614865779877,
            0.6921054422855377,
            0.6924353837966919,
            0.6927268505096436,
            0.7025261521339417,
            0.6771282106637955,
            0.6884484887123108,
            0.6875683963298798,
            0.6954430043697357,
            0.6990111917257309,
            0.6744788736104965,
            0.6785473078489304,
            0.6476469337940216,
            0.6798360869288445,
            0.664596289396286,
            0.6049373149871826,
            0.6461953148245811
      ],
      "networks_evolution_collectors": {
            "calibration_collector": {
                  "before_calibration_ece_history": {
                        "net1": [
                              0.48879945278167725,
                              0.48173147439956665,
                              0.47092878818511963
                        ],
                        "net2": [
                              0.3237416446208954,
                              0.2355397641658783,
                              0.17251773178577423
                        ]
                  },
                  "after_calibration_ece_history": {
                        "net1": [
                              0.49626630544662476,
                              0.49390941858291626,
                              0.49030596017837524
                        ],
                        "net2": [
                              0.4501986503601074,
                              0.42277947068214417,
                              0.4016483426094055
                        ]
                  }
            }
      },
      "accuracy": 0.55
}