{
      "loss_history": [
            0.12788239817848182,
            0.13881842124032526,
            0.12323449166190639,
            0.07612617092533627,
            0.06604408386246703,
            0.09110995022116807,
            0.09116366093046976,
            0.06814101118157923,
            0.08196260193254701,
            0.08855762686151064
      ],
      "networks_evolution_collectors": {},
      "accuracy": 0.62
}