{
      "loss_history": [
            6.68183883627891,
            7.208678373442041,
            6.99446800751528,
            7.821950114938847,
            5.357572593290151,
            3.663689069102397,
            4.362281598255973,
            7.902984048097023,
            7.819457829421138,
            4.332469698399847,
            5.250659158089151,
            5.1924703620431725,
            7.77165926255221,
            6.217796051209646,
            4.317656398284439,
            4.46222085445391,
            7.791643884859411,
            2.413999709460768e-06,
            5.186103589811362,
            3.457364196250292,
            7.073998848115529,
            4.32082770096916,
            2.591538492524893,
            3.4628447488096197,
            5.216157557044166,
            5.220672394229423,
            6.044677853131103,
            4.321148611793573,
            6.954774159940145
      ],
      "networks_evolution_collectors": {},
      "accuracy": 0.905
}