{
      "loss_history": [
            0.6730302423238754,
            6.113092253357104,
            0.7077455446124077,
            0.7396426722407341,
            0.5724838338792324,
            0.6725048422813416,
            5.970610620826415,
            0.40110199339687824,
            0.29768157633952796,
            5.62884715376415,
            5.635543248057298,
            11.065566498541603,
            0.04900010151322931,
            5.609434895357049,
            5.534250708560217,
            0.030494611637550406,
            5.526746383629439,
            5.527428098788301,
            11.054909050431025,
            11.05377025652415,
            5.528000837273362,
            11.053926974227625,
            5.528655401911715,
            0.0019710588808813153,
            0.0010036081501130667
      ],
      "networks_evolution_collectors": {
            "calibration_collector": {
                  "before_calibration_ece_history": {
                        "net1": [
                              0.19876530766487122,
                              0.007799029350280762,
                              0.00026977062225341797,
                              0.00016623735427856445
                        ],
                        "net2": [
                              0.24458785355091095,
                              0.1564866602420807,
                              0.0395989827811718,
                              0.027101406827569008
                        ]
                  },
                  "after_calibration_ece_history": {
                        "net1": [
                              0.41243815422058105,
                              0.28214120864868164,
                              0.2697950005531311,
                              0.2695308327674866
                        ],
                        "net2": [
                              0.42686668038368225,
                              0.3941560983657837,
                              0.2998872697353363,
                              0.29018962383270264
                        ]
                  }
            }
      },
      "accuracy": 0.55
}