{
      "loss_history": [
            2.544004913419485,
            2.310232164338231,
            2.2483286187052727,
            2.044338507577777,
            2.25193589925766,
            2.2838359232991934,
            2.169597662985325,
            2.0689170472323895,
            2.140004544518888,
            1.918611348606646,
            2.032895958982408,
            1.7774102967232466,
            1.7324288673698902,
            1.4198937211185694,
            1.0212060762569308,
            0.7313614562153816,
            0.6505946285906248,
            0.39175489090848714,
            0.2158101688255556,
            0.12065574992448092,
            0.08621229359414428,
            0.0809361437568441
      ],
      "networks_evolution_collectors": {},
      "accuracy": 0.9345703125
}