{
      "loss_history": [
            2.4933093935251236,
            2.2817783690989017,
            2.273423293605447,
            2.0437927711755037,
            2.4291482865810394,
            2.2389122433960438,
            2.1530833560973406,
            2.149107277393341,
            2.1159157007932663,
            2.099712809547782,
            2.0102988593280315,
            1.8707762798294425,
            1.3338100146502256,
            0.906304391566664,
            0.6835110494866967,
            0.5856792274862528,
            0.32525266672018915,
            0.20335805288050324,
            0.13692954828729853,
            0.1061575953499414,
            0.06116533017484471,
            0.05970942066051066
      ],
      "networks_evolution_collectors": {
            "calibration_collector": {
                  "before_calibration_ece_history": {
                        "neural1": [
                              0.7992755770683289,
                              0.7644042372703552,
                              0.5063648819923401,
                              0.13034039735794067
                        ],
                        "neural2": [
                              0.03510280326008797,
                              0.01756003499031067,
                              0.007526201196014881,
                              0.004441839177161455
                        ]
                  },
                  "after_calibration_ece_history": {
                        "neural1": [
                              0.8934977054595947,
                              0.8912224173545837,
                              0.877662718296051,
                              0.84516441822052
                        ],
                        "neural2": [
                              0.2924010753631592,
                              0.2822340428829193,
                              0.27677205204963684,
                              0.2744673490524292
                        ]
                  }
            }
      },
      "accuracy": 0.9375
}