{
      "loss_history": [
            9.241193670117248,
            4.4684157621134695,
            8.678339634829904,
            6.942152869789538,
            7.274213633960301,
            6.9137685884923386,
            4.514652036455971,
            5.187027494957924,
            6.926007612748865,
            9.569783148138521,
            8.679768271163976,
            6.0806794757177505,
            3.459416974345949,
            7.7748279900553445,
            6.908276755465751,
            4.32459633177752,
            5.191060431614591,
            6.907755308784463,
            3.454954036539657,
            7.7716310476942105,
            6.102028549594074,
            5.200363682632494,
            5.217873008988807,
            4.322440677811333,
            6.149598031523938,
            3.4542261043161773,
            5.181285740158927,
            6.044567695445567,
            2.5912462382526087
      ],
      "networks_evolution_collectors": {
            "calibration_collector": {
                  "before_calibration_ece_history": {
                        "net1": [
                              0.1168849915266037,
                              0.07194346934556961,
                              0.06643714010715485,
                              0.04350990056991577,
                              0.04295307397842407,
                              0.04311467707157135,
                              0.04892300069332123,
                              0.035146135836839676,
                              0.037801194936037064,
                              0.0245782770216465,
                              0.038238562643527985,
                              0.0376790314912796,
                              0.02997688576579094,
                              0.04290669783949852
                        ],
                        "net2": [
                              0.20162570476531982,
                              0.07432150840759277,
                              0.06190624088048935,
                              0.04346591979265213,
                              0.06301073729991913,
                              0.01849345862865448,
                              0.04146919772028923,
                              0.0376662015914917,
                              0.023788126185536385,
                              0.01886128820478916,
                              0.0367913693189621,
                              0.011379199102520943,
                              0.045125577598810196,
                              0.05360143259167671
                        ]
                  },
                  "after_calibration_ece_history": {
                        "net1": [
                              0.7873576283454895,
                              0.7806191444396973,
                              0.779114842414856,
                              0.7752528190612793,
                              0.7764874696731567,
                              0.7732937335968018,
                              0.769152045249939,
                              0.7735109925270081,
                              0.7766156196594238,
                              0.775489091873169,
                              0.7749094367027283,
                              0.7772864103317261,
                              0.7735340595245361,
                              0.7758613228797913
                        ],
                        "net2": [
                              0.667351484298706,
                              0.5715140104293823,
                              0.5673500299453735,
                              0.5582262277603149,
                              0.5646563172340393,
                              0.5420608520507812,
                              0.5523298978805542,
                              0.545583963394165,
                              0.5412054657936096,
                              0.5399034023284912,
                              0.5551607012748718,
                              0.5386009216308594,
                              0.5532865524291992,
                              0.5620250105857849
                        ]
                  }
            }
      },
      "accuracy": 0.89
}