{
      "loss_history": [
            2.114528775215149,
            2.0316342264413834,
            0.7467257529497147,
            2.0165262701921165,
            0.1471670400351286,
            0.22767153033055365,
            0.012514119036495686,
            0.011735194246284664,
            0.004091756301932037,
            0.02604500250890851,
            0.006366506975609809,
            0.002533371327444911,
            0.003946899058064446,
            0.002561407076427713,
            0.003122015914414078,
            0.001460147206671536,
            0.0017907682340592146,
            0.001370618017972447,
            0.0010650193726178259,
            0.0011393808672437444
      ],
      "networks_evolution_collectors": {},
      "accuracies": [
            0.9911504424778761,
            0.953125,
            0.9943181818181818,
            0.987012987012987,
            0.9861111111111112,
            1.0,
            0.9605263157894737,
            1.0,
            1.0
      ]
}