{
      "loss_history": [
            9.403353612273836,
            8.261617031767884,
            7.37426025643938,
            6.652146978452742,
            6.21803479207053,
            4.546906057000126,
            8.881968929544005,
            10.177788619734239,
            7.605732134208011,
            8.092200520336547,
            8.629060304835352,
            4.9993849158659165,
            7.742645349707375,
            5.943868387173802,
            5.841057472079933,
            7.744477440602992,
            5.492937944745584,
            6.505797950215564,
            9.080431366946907,
            7.874067513927492,
            4.5400870808644145,
            3.4524255097371817
      ],
      "networks_evolution_collectors": {
            "calibration_collector": {
                  "before_calibration_ece_history": {
                        "neural1": [
                              0.7646871209144592,
                              0.731920063495636,
                              0.5784995555877686,
                              0.26720038056373596
                        ],
                        "neural2": [
                              0.04017387703061104,
                              0.01598173752427101,
                              0.009047124534845352,
                              0.004478156566619873
                        ]
                  },
                  "after_calibration_ece_history": {
                        "neural1": [
                              0.8911399245262146,
                              0.8888025879859924,
                              0.8771317005157471,
                              0.8591185808181763
                        ],
                        "neural2": [
                              0.29513126611709595,
                              0.28225386142730713,
                              0.27742886543273926,
                              0.2745465040206909
                        ]
                  }
            }
      },
      "accuracy": 0.73828125
}