{
      "loss_history": [
            0.10702571327869492,
            0.04559939312275674,
            0.054066172122222866,
            0.054035961411550204,
            0.04284011785364328,
            0.036832147989330793,
            0.026599853877229407,
            0.028185167404132017,
            0.012839173784179536,
            0.024081566267351917
      ],
      "networks_evolution_collectors": {},
      "accuracy": 0.59
}