{
      "loss_history": [
            9.00650947645298,
            7.975213727578448,
            7.177865403145485,
            7.721914055421875,
            10.998535833010957,
            6.709672013446629,
            7.691212112680005,
            4.800995624810423,
            7.2038484033196495,
            7.781118730679081,
            7.250271832011574,
            3.4679994077607783,
            7.40318249877535,
            5.393555989880062,
            3.5409144612028856,
            5.541428781424902,
            4.9235174846089835,
            9.067895667943997,
            3.4892623927467095,
            3.4663303408911044,
            6.16337383918224,
            4.489252476965722
      ],
      "networks_evolution_collectors": {
            "calibration_collector": {
                  "before_calibration_ece_history": {
                        "neural1": [
                              null,
                              null,
                              null,
                              null
                        ],
                        "neural2": [
                              null,
                              null,
                              null,
                              null
                        ]
                  },
                  "after_calibration_ece_history": {
                        "neural1": [
                              null,
                              null,
                              null,
                              null
                        ],
                        "neural2": [
                              null,
                              null,
                              null,
                              null
                        ]
                  }
            }
      },
      "accuracy": 0.810546875
}