{
      "loss_history": [
            4.610296964645386,
            3.2526785135269165,
            1.8693369030952454,
            2.230502724647522,
            1.6394118624739349,
            0.10046020522713661,
            0.9612557301297784,
            0.06591954920440912,
            0.011486724019050598,
            0.005657816189341247
      ],
      "networks_evolution_collectors": {},
      "accuracies": [
            0.9026548672566371,
            0.828125,
            0.9431818181818182,
            0.8831168831168831,
            0.9537037037037037,
            0.8852459016393442,
            0.8026315789473685,
            0.9770992366412213,
            1.0
      ]
}