{
      "loss_history": [
            0.21529469179949956,
            0.0003924694943485463,
            1.031165070752849e-06,
            -8.000711204654729e-13,
            4.029354895607184e-06,
            1.7762335259519096e-06,
            -8.000711204654729e-13,
            -8.000711204654729e-13,
            1.6868248124524144e-06,
            1.9431289144833387e-06,
            1.1920229070483404e-08,
            2.0595522565081134e-05
      ],
      "networks_evolution_collectors": {},
      "accuracy": 0.2
}