{
      "loss_history": [
            0.4717330177081124,
            0.6295058391987652,
            0.5028822770509578,
            0.5227143729571253,
            0.6830071955919266,
            0.49291396141039745,
            0.6187223871592608,
            0.6157224774361012,
            0.6817526966332764,
            1.2848559152334929,
            0.3737831786582717,
            0.7192627601325512
      ],
      "networks_evolution_collectors": {
            "calibration_collector": {
                  "before_calibration_ece_history": {
                        "swap_net": [
                              0.34288960695266724,
                              0.4140663743019104,
                              0.386527955532074,
                              0.3201523721218109,
                              0.17821171879768372,
                              0.26154524087905884
                        ]
                  },
                  "after_calibration_ece_history": {
                        "swap_net": [
                              0.44023603200912476,
                              0.46179479360580444,
                              0.45597994327545166,
                              0.44261762499809265,
                              0.3945927023887634,
                              0.41269898414611816
                        ]
                  }
            }
      },
      "accuracy": 0.0
}