{
      "loss_history": [
            5.63739799487842,
            4.6314770844773,
            8.80282843249594,
            7.939494861183742,
            5.1990932589862915,
            6.938813927202805,
            5.182126102489283,
            7.878672258182503,
            5.275589245787794,
            12.207262832262828,
            2.7831601143757867,
            5.182130495574137,
            6.048162850169618,
            5.186107676834161,
            2.665572680260893,
            2.59797208889131,
            4.322784194318548,
            0.0023523662053577254,
            3.5858355808573186,
            7.775834363912552,
            7.8620843603086215,
            8.650272862442277,
            1.790857973140918,
            6.106263841060219,
            1.7274821445821864,
            4.338112733990032,
            6.907771079772862,
            9.499283904449475,
            6.045405719427828
      ],
      "networks_evolution_collectors": {
            "calibration_collector": {
                  "before_calibration_ece_history": {
                        "net1": [
                              0.11396115273237228,
                              0.06553784012794495,
                              0.05007702857255936,
                              0.04151023179292679,
                              0.052472956478595734,
                              0.041759271174669266,
                              0.03476502746343613,
                              0.031843286007642746,
                              0.03576325625181198,
                              0.03867129236459732,
                              0.033123116940259933,
                              0.024497050791978836,
                              0.02850373089313507,
                              0.023461245000362396
                        ],
                        "net2": [
                              0.3821027874946594,
                              0.2937811315059662,
                              0.2522922158241272,
                              0.2283155769109726,
                              0.2114802449941635,
                              0.23294873535633087,
                              0.18721958994865417,
                              0.16790863871574402,
                              0.20743508636951447,
                              0.25189509987831116,
                              0.2801922559738159,
                              0.20703183114528656,
                              0.15631458163261414,
                              0.15265586972236633
                        ]
                  },
                  "after_calibration_ece_history": {
                        "net1": [
                              0.7855446934700012,
                              0.7760038375854492,
                              0.7778621912002563,
                              0.7752031087875366,
                              0.7762958407402039,
                              0.7765241265296936,
                              0.7746661901473999,
                              0.7745252847671509,
                              0.7745053768157959,
                              0.773034393787384,
                              0.774959146976471,
                              0.7756649851799011,
                              0.7749940156936646,
                              0.7748870849609375
                        ],
                        "net2": [
                              0.698439359664917,
                              0.6910372972488403,
                              0.6893067359924316,
                              0.6320754885673523,
                              0.6743595600128174,
                              0.6764408946037292,
                              0.6681817173957825,
                              0.6635783910751343,
                              0.6726275086402893,
                              0.6828844547271729,
                              0.6840978264808655,
                              0.6760289669036865,
                              0.660118818283081,
                              0.665386438369751
                        ]
                  }
            }
      },
      "accuracy": 0.89
}