{
      "loss_history": [
            0.04952124904730226,
            0.06678910811160677,
            0.062131991126804564,
            0.050676197975488835,
            0.047793414197705886,
            0.044043142682824055,
            0.0465859773403281,
            0.049585184488901035
      ],
      "networks_evolution_collectors": {
            "calibration_collector": {
                  "before_calibration_ece_history": {},
                  "after_calibration_ece_history": {}
            }
      },
      "accuracy": 0.46
}