{
      "loss_history": [
            0.6944274753332138,
            0.6936201900243759,
            0.6937860995531082,
            0.6929498761892319,
            0.6913739293813705,
            0.7329330146312714,
            0.6982033252716064,
            0.69636070728302,
            0.6921006441116333,
            0.6948288232088089,
            0.6938794106245041,
            0.6914420425891876,
            0.692671537399292,
            0.6928637623786926,
            0.6971826702356339,
            0.6934452205896378,
            0.6948777437210083,
            0.6937047392129898,
            0.6912427991628647
      ],
      "networks_evolution_collectors": {},
      "accuracy": 0.5
}