{
      "loss_history": [
            0.8352265246867319,
            0.4346103798529093,
            0.31729830045475227,
            0.05722002207029675,
            0.18848857835500477,
            0.09391250688943886,
            0.018967176676052855,
            0.008135683867079635,
            0.006991434132821883,
            0.10115650296413925,
            0.005147154755227312,
            0.019664023160494537,
            0.0022687447903968483,
            0.0009190584882907693,
            0.0007386518843435219,
            0.003953647306885522,
            0.004334319321656732,
            2.3841863594498136e-07,
            0.0035292787316052454,
            0.08487706104176818,
            0.00444918273026218,
            0.03174878014703841,
            0.15796764689574339,
            0.007963945149697338,
            0.13775645870560593,
            9.08082091171103e-05,
            0.00026399915602581814,
            0.0023335654333238587,
            0.0009154048863337927
      ],
      "networks_evolution_collectors": {
            "calibration_collector": {
                  "before_calibration_ece_history": {
                        "net1": [
                              0.13088931143283844,
                              0.1122555285692215,
                              0.053425148129463196,
                              0.052139777690172195,
                              0.03862106055021286,
                              0.05814892426133156,
                              0.03494749963283539,
                              0.04077610373497009,
                              0.04067899286746979,
                              0.023886574432253838,
                              0.03106859140098095,
                              0.03416423499584198,
                              0.025328516960144043,
                              0.03805892542004585
                        ],
                        "net2": [
                              0.36098232865333557,
                              0.2633090615272522,
                              0.3157329261302948,
                              0.2836024761199951,
                              0.23888267576694489,
                              0.2414810210466385,
                              0.2681673467159271,
                              0.2561115324497223,
                              0.26329463720321655,
                              0.22569938004016876,
                              0.27346962690353394,
                              0.2957875728607178,
                              0.19700509309768677,
                              0.24979190528392792
                        ]
                  },
                  "after_calibration_ece_history": {
                        "net1": [
                              0.7837938666343689,
                              0.7829445600509644,
                              0.7757618427276611,
                              0.7793323397636414,
                              0.7765899300575256,
                              0.7798277735710144,
                              0.7751631736755371,
                              0.7752711772918701,
                              0.7760085463523865,
                              0.7752580046653748,
                              0.7745755910873413,
                              0.7758170962333679,
                              0.7754220962524414,
                              0.7760398387908936
                        ],
                        "net2": [
                              0.7018980383872986,
                              0.6884673237800598,
                              0.687997043132782,
                              0.6412016153335571,
                              0.6277036070823669,
                              0.6906282305717468,
                              0.6355747580528259,
                              0.6958337426185608,
                              0.6329717040061951,
                              0.695148766040802,
                              0.6931208372116089,
                              0.687461256980896,
                              0.6142474412918091,
                              0.6322046518325806
                        ]
                  }
            }
      },
      "accuracy": 0.915
}