{
      "loss_history": [
            0.6038263848611223,
            6.220642114840302e-05,
            0.00028887975743243646,
            0.00010511075803467662,
            4.690925702810489e-06,
            7.218228407790405e-06,
            1.5009409225630321e-05,
            2.527253836248633e-06,
            1.1563333175423907e-06,
            1.114608824170915e-06,
            1.7821855269772868e-06,
            9.924444402908961e-06
      ],
      "networks_evolution_collectors": {},
      "accuracy": 0.2
}