{
      "loss_history": [
            0.5549944142185268,
            0.3981512723629521,
            0.17982086132654018,
            0.04825960550778463,
            0.19627218940502011,
            0.17947399946716125,
            0.10701337096464947,
            0.04299217802404298,
            0.18946286999193873,
            0.20130599270344263,
            0.07152247738073658,
            0.02374826625342852,
            0.004534005167306621,
            0.0031557748813830777,
            0.001942333391839579,
            0.0025072736014455366,
            0.0026836494185960014,
            3.5048832614847925e-05,
            0.0007015567018573421,
            0.10595019616330603,
            0.016851667769678613,
            0.0004420833437093208,
            0.00968587330710946,
            0.012646342197565996,
            0.012501260399458314,
            0.004253536192039942,
            0.024449817495272086,
            0.00014774281975604708,
            0.007089307983395354
      ],
      "networks_evolution_collectors": {},
      "accuracy": 0.92
}