{
      "loss_history": [
            0.6927326321601868,
            6.08078214004629,
            6.080996269732646,
            0.6930798292160034,
            6.0728712625800885,
            0.6944228112697601,
            6.079015160351924,
            6.0768582321702755,
            0.682205080986023,
            16.857349797338046,
            0.6960936933755875,
            6.044753024727038,
            6.096362779289416,
            0.6847436428070068,
            6.085762622207335,
            6.043402666598491,
            0.6254476979374886,
            6.021734664589099,
            0.650561086833477,
            0.6241957917809486,
            5.993062163144282,
            5.964799071103267,
            6.086284364014796,
            0.5993818864226341,
            11.365846496820314,
            5.928421201556853,
            5.918318184465102,
            5.920869002491168,
            0.46130993962287903,
            5.896942893415622
      ],
      "networks_evolution_collectors": {
            "calibration_collector": {
                  "before_calibration_ece_history": {
                        "net1": [
                              0.45346444845199585,
                              0.4719114303588867,
                              0.45787662267684937,
                              0.4331098198890686,
                              0.39969056844711304
                        ],
                        "net2": [
                              0.3629792332649231,
                              0.27300795912742615,
                              0.2236369103193283,
                              0.1547519415616989,
                              0.06830695271492004
                        ]
                  },
                  "after_calibration_ece_history": {
                        "net1": [
                              0.48446375131607056,
                              0.49063217639923096,
                              0.4859437346458435,
                              0.4776095747947693,
                              0.46629565954208374
                        ],
                        "net2": [
                              0.4619295597076416,
                              0.4335936903953552,
                              0.3964434266090393,
                              0.38100743293762207,
                              0.3419181704521179
                        ]
                  }
            }
      },
      "accuracy": 0.55
}