{
      "loss_history": [
            8.595887894630353,
            9.42778655454507,
            8.384125736430207,
            5.710498559921933,
            8.39271895680568,
            5.73219982132311,
            5.244414312243421,
            8.70698402926317,
            4.954523231312592,
            5.505047490522219,
            6.021093176603264,
            9.143767592832353,
            4.955647860597779,
            5.932130979523003,
            7.481958898371006,
            2.901394575523805,
            5.603979881885401,
            5.3034975766529655,
            5.83520607617677,
            4.764398642799297,
            4.598440530402532,
            4.023291681536891
      ],
      "networks_evolution_collectors": {},
      "accuracy": 0.7802734375
}