{
      "loss_history": [
            0.08037443459199611,
            1.0923323090494819e-05,
            0.08068431564754519,
            2.1532548544200836e-06,
            0.19230423122652995,
            0.023959651589394504,
            0.07913263891100542,
            0.042367007583379745,
            0.0,
            0.0,
            0.019448682665828443,
            9.496483473370176e-06
      ],
      "networks_evolution_collectors": {},
      "accuracy": 0.59375
}