{
      "loss_history": [
            0.0063377439510112765,
            0.12353682424873114,
            0.04719794541591116,
            0.02016137540334173,
            0.07255278527736664,
            0.2685033178676669,
            0.010879826033428963,
            0.006576346233487129,
            0.015803597867426356,
            0.060553289949831446,
            0.008755643153563142,
            5.215408549474887e-08
      ],
      "networks_evolution_collectors": {
            "calibration_collector": {
                  "before_calibration_ece_history": {
                        "swap_net": [
                              0.03721557930111885,
                              0.046194933354854584,
                              0.0031104087829589844,
                              0.015509738586843014,
                              0.02293473295867443,
                              0.019887518137693405
                        ]
                  },
                  "after_calibration_ece_history": {
                        "swap_net": [
                              0.29310840368270874,
                              0.294127881526947,
                              0.27336543798446655,
                              0.2813437879085541,
                              0.2848919928073883,
                              0.28349223732948303
                        ]
                  }
            }
      },
      "accuracy": 0.71875
}